time,position,velocity
0.0,1.0,0.0
0.05,0.9987502607240785,-0.049979172337067945
0.1,0.9950041651067683,-0.0998334167839834
0.15000000000000002,0.988772228817238,-0.14944096582430028
0.2,0.9800718461274439,-0.1986808172365338
0.25,0.9689235101349435,-0.2474253778983331
0.30000000000000004,0.9553537366257467,-0.2955497818419179
0.35000000000000003,0.9393951634835316,-0.3429321664379338
0.4,0.9210865506896434,-0.3894536723954535
0.45,0.9004727803230951,-0.43499844376197555
0.5,0.877604856560567,-0.4794536279234255
0.55,0.852539905676407,-0.5227093756041548
0.6000000000000001,0.8253411760426308,-0.5646588408669416
0.65,0.7960780381289212,-0.6051981811129903
0.7000000000000001,0.7648259845026286,-0.6442265570819322
0.75,0.7316666298287713,-0.6816461328518244
0.8,0.6966835437395948,-0.7173724204295219
0.8500000000000001,0.6599599801667688,-0.7513301193357341
0.9,0.6215898507018693,-0.7834242519565601
0.9500000000000001,0.5816699906799666,-0.8135658591456112
1.0,0.5402999014559401,-0.8416727485036296
1.05,0.4975817504044775,-0.8676694943784891
1.1,0.4536203709200756,-0.8914874378651941
1.1500000000000001,0.40852326241704023,-0.9130646868058807
1.2000000000000002,0.36240059032948546,-0.9323461157898154
1.25,0.31536518611133474,-0.9492833661533964
1.3,0.26753254723631925,-0.9638348459801529
1.35,0.21902083719798016,-0.9759657301007453
1.4000000000000001,0.16995088550966686,-0.9856479600929648
1.4500000000000002,0.12044618770453741,-0.992860244281734
1.5,0.0706329053355591,-0.9975880577391067
1.55,0.020639865975507266,-0.9998236422842677
1.6,-0.02940143678303342,-0.9995660064835326
1.6500000000000001,-0.07935684332766935,-0.9968209256503489
1.7000000000000002,-0.1290901390429142,-0.9916009584820062
1.75,-0.17850645033281876,-0.9839239909197821
1.8,-0.22749609605010632,-0.973805878285297
1.85,-0.2759263384857417,-0.9612664238628009
1.9000000000000001,-0.3236684152652752,-0.9463316267576214
1.9500000000000002,-0.37059753934884176,-0.929033681896163
2.0,-0.4165928990311612,-0.9094109800259075
2.0500000000000003,-0.46153765794153934,-0.8875081077154134
2.1,-0.505318955043865,-0.8633758473543172
2.15,-0.5478279046366139,-0.8370711771533319
2.2,-0.5889595963528458,-0.8086572711442475
2.25,-0.6286130951602051,-0.7782034991799319
2.3000000000000003,-0.6666914413609223,-0.7457854269343294
2.35,-0.7031016505918115,-0.7114848159024622
2.4000000000000004,-0.7377547138242727,-0.6753896234004287
2.45,-0.7705655973642903,-0.6375940025654058
2.5,-0.801453242852434,-0.5981983023556463
2.5500000000000003,-0.8303405672638589,-0.5573090675504804
2.6,-0.8571544629083034,-0.5150390387503162
2.6500000000000004,-0.8818257974300932,-0.4715071523766379
2.7,-0.9042922941182443,-0.42683393876199144
2.75,-0.9245229864486849,-0.38109533313444055
2.8000000000000003,-0.9424654700278497,-0.334399401655917
2.85,-0.958065225213111,-0.2868678910031628
2.9000000000000004,-0.9712750806783024,-0.23862264490695353
2.95,-0.9820552134137177,-0.18978560415210127
3.0,-0.9903731487261122,-0.14047880657745232
3.0500000000000003,-0.9962037602387018,-0.09082438707588775
3.1,-0.9995292698911635,-0.04094457759432496
3.1500000000000004,-1.000339247939635,0.009038292866285158
3.2,-0.9986306129567148,0.05900179825095486
3.25,-0.9944076318314629,0.10882341545066254
3.3000000000000003,-0.9876819197693993,0.15838052430235194
3.35,-0.9784724402925056,0.20755040758892995
3.4000000000000004,-0.9668055052392239,0.2562102510392702
3.45,-0.9527147747644577,0.3042371433282095
3.5,-0.9362412573395706,0.35150807607655155
3.5500000000000003,-0.9174333097523879,0.3978999438510634
3.6,-0.8963466371071952,0.44328954416447763
3.6500000000000004,-0.8730442928247393,0.487553577475492
3.7,-0.8475859732886712,0.5305875578957752
3.75,-0.8200159680349942,0.5723166425959234
3.8000000000000003,-0.7904020587550765,0.6126278323986813
3.85,-0.7588172810603493,0.6514119496483577
3.9000000000000004,-0.7253388677664752,0.688565720471118
3.95,-0.6900482488933506,0.7239917747749822
4.0,-0.6530310516651042,0.7575986462498265
4.05,-0.6143771005100975,0.7893007723673833
4.1000000000000005,-0.5741804170609235,0.81901849438124
4.15,-0.532539220154411,0.8466780573268388
4.2,-0.4895559258316184,0.872211610021479
4.25,-0.44533714733783847,0.8955572050643148
4.3,-0.3999936951225958,0.9166587988363561
4.3500000000000005,-0.3536405768396479,0.9354662515004692
4.4,-0.30639699734698644,0.9519353270013744
4.45,-0.25838635870683413,0.9660276930656488
4.5,-0.20973626018564684,0.977710921201725
4.55,-0.16057849825411308,0.9869584866998913
4.6000000000000005,-0.11104256714185491,0.9937517380786448
4.65,-0.06121695408679158,0.9980870610053657
4.7,-0.011226641970609866,0.9999486167395666
4.75,0.038795521814340705,0.9993238409988917
4.800000000000001,0.08871898511358345,0.9962071818760466
4.8500000000000005,0.13841549101051082,0.990600099838798
4.9,0.18775907782638973,0.9825110677299743
4.95,0.23662607912035838,0.9719555707674651
5.0,0.28489512368942643,0.9589561065442211
5.050000000000001,0.3324471355684767,0.9435421850282543
5.1000000000000005,0.3791653340302611,0.9257503285626387
5.15,0.42493523358540597,0.905624071865509
5.2,0.46964464398240857,0.8832139620300613
5.25,0.5131836702076384,0.8585775585245533
5.300000000000001,0.5554447124853372,0.8317794331923032
5.3500000000000005,0.596322466277617,0.8028911702516922
5.4,0.6357139222844624,0.7719913662961613
5.45,0.6735183664437311,0.7391656302942133
5.5,0.7096373799311515,0.7045065835894126
5.550000000000001,0.7439748391603248,0.668113859900384
5.6000000000000005,0.7764430458190641,0.6300877981736941
5.65,0.8069937379666516,0.5904917066402617
5.7,0.8355474036199768,0.5494204989866631
5.75,0.8620228218711743,0.5069792162014706
5.800000000000001,0.8863458326809558,0.4632748041026092
5.8500000000000005,0.9084493368786084,0.41841611333736084
5.9,0.9282732961619978,0.37251389938235857
5.95,0.9457647330975658,0.32568082254359065
6.0,0.960877731120331,0.2780314479563991
6.050000000000001,0.9735734345338896,0.229682245585479
6.1000000000000005,0.9838200485104132,0.18075159022488213
6.15,0.9915928390906517,0.13135976149801176
6.2,0.996874133183931,0.08162894385762565
6.25,0.9996533185681544,0.031683226585836
6.300000000000001,0.9999268438898019,-0.018351396205892323
6.3500000000000005,0.9976982186639299,-0.06834702557673766
6.4,0.9929780132741726,-0.11817385775652656
6.45,0.9857838589727399,-0.1677001841457314
6.5,0.9761404478804198,-0.21679239131547035
6.550000000000001,0.9640790675012888,-0.2653180390242907
6.6000000000000005,0.9496270654908288,-0.31319332752180623
6.65,0.9328151387054772,-0.36030447571847785
6.7,0.9136814411146987,-0.4065235836985727
6.75,0.8922697448710852,-0.4517274662950429
6.800000000000001,0.8686294403103546,-0.49579765308952617
6.8500000000000005,0.8428155359513528,-0.538620388412343
6.9,0.8148886584960519,-0.5800866313425013
6.95,0.7849150528295503,-0.6200920557076924
7.0,0.7529665820200742,-0.6585370500842935
7.050000000000001,0.7191207273189751,-0.695326717797367
7.1000000000000005,0.6834605881607341,-0.730370876920658
7.15,0.6460748821629565,-0.763584060276599
7.2,0.6070579451263756,-0.7948855154363065
7.25,0.566509731034851,-0.8241992047195821
7.300000000000001,0.5245358120553689,-0.8514538051949125
7.3500000000000005,0.48124737853804433,-0.8765827086794682
7.4,0.43676123901611663,-0.8995240217391063
7.45,0.39119982020595323,-0.9202205656883676
7.5,0.34469116700704794,-0.9386198765904787
7.550000000000001,0.2973423245419796,-0.9546866261346717
7.6000000000000005,0.24923948416559416,-0.9683947178365399
7.65,0.20050952317494428,-0.9797003576889252
7.7,0.1512793100791372,-0.9885666772135117
7.75,0.10167495592580539,-0.9949641310781857
7.800000000000001,0.05182181430110577,-0.9988704970970356
7.8500000000000005,0.0018444813297232576,-1.0002708762303518
7.9,-0.04813320432513457,-0.9991576925846268
7.95,-0.09798816146173417,-0.9955306934125557
8.0,-0.1475980663398162,-0.9893969491130351
8.05,-0.19684135268059755,-0.9807708532311641
8.1,-0.24559721166676562,-0.9696741224582441
8.15,-0.29374559194248917,-0.956135796631778
8.200000000000001,-0.341167199613406,-0.9401922387354711
8.25,-0.38774349824662924,-0.9218871348992319
8.3,-0.43335670887075084,-0.9012714943991688
8.35,-0.47788980997583197,-0.878403649657595
8.4,-0.5212265375134136,-0.8533492562430229
8.450000000000001,-0.5632513848965082,-0.8261812928701694
8.5,-0.6038497653864849,-0.7969799530208699
8.55,-0.6429448693755195,-0.7658055444757204
8.6,-0.680454636091246,-0.7327209550485448
8.65,-0.7162749120644162,-0.697809647597802
8.700000000000001,-0.7503079577197432,-0.6611585117339883
8.75,-0.7824624473759063,-0.622857863819636
8.8,-0.8126534692455535,-0.5830014469693078
8.85,-0.840802525435294,-0.5416864310496066
8.9,-0.8668375319457067,-0.49901341267916444
8.950000000000001,-0.8906928186713331,-0.45508641522865273
9.0,-0.9123091294006805,-0.4100128888207781
9.05,-0.9316336218162244,-0.3639037103302767
9.1,-0.9486198674944023,-0.3168731833839264
9.15,-0.9632278519056203,-0.2690390383605332
9.200000000000001,-0.9754239744142483,-0.2205224323909427
9.25,-0.9851810482786221,-0.1714479493580361
9.3,-0.9924783006510435,-0.12194359989672321
9.35,-0.9973013725777794,-0.07214082139395672
9.4,-0.9996423189990626,-0.0221744779887163
9.450000000000001,-0.9995004607662918,0.027823176945395597
9.5,-0.9968842184044747,0.07776548576502433
9.55,-0.9917954495052141,0.12752818435904453
9.600000000000001,-0.984240168352819,0.17697790394026952
9.65,-0.9742310087492062,0.22598452834665447
9.700000000000001,-0.9617872240138993,0.2744211940413015
9.75,-0.9469346869840308,0.32216429011244785
9.8,-0.929705890014339,0.3690934582734789
9.850000000000001,-0.9101399449771714,0.4150915928629172
9.9,-0.8882825832624833,0.4600448408444269
9.950000000000001,-0.8641861557778351,0.5038426018068192
10.0,-0.8379096329483984,0.5463775279640398
10.05,-0.8095186047169484,0.5875455241551838
10.100000000000001,-0.7790852805438708,0.6272457478444822
10.15,-0.7466884894071595,0.6653806091213088
10.200000000000001,-0.712413679802412,0.7018557707001828
10.25,-0.6763529197428385,0.7365801479207602
10.3,-0.6386048967592514,0.7694659087478436
10.350000000000001,-0.599274917900075,0.8004284737713739
10.4,-0.5584749097313411,0.8293865162064341
10.450000000000001,-0.5163163368000173,0.8562673209082287
10.5,-0.47286878049138514,0.8810328470797668
10.55,-0.4282373702013095,0.9036173695170937
10.600000000000001,-0.38253742503567084,0.9239546841844823
10.65,-0.3358851532574182,0.9419858670315412
10.700000000000001,-0.2883976522865639,0.9576592739932152
10.75,-0.2401929087001956,0.9709305409897822
10.8,-0.1913897982324626,0.9817625839268567
10.850000000000001,-0.14210808577458778,0.9901255986953869
10.9,-0.09246842537486233,0.9959970611716562
10.950000000000001,-0.04259236023864088,0.9993617272172837
11.0,0.007397677271646308,1.000211632679222
11.05,0.05737836563650811,0.9985460933897605
11.100000000000001,0.10722549417937932,0.9943717051665217
11.15,0.15681396306662632,0.9877023438124644
11.200000000000001,0.20601778330755183,0.9785591651158811
11.25,0.2547100767543842,0.9669706048504009
11.3,0.3027630761022895,0.9529723787749855
11.350000000000001,0.35004812488936,0.9366074826339337
11.4,0.3964356993100597,0.9179261844588013
11.450000000000001,0.441832923548355,0.8969707298927929
11.5,0.4861467394540562,0.8737824998180387
11.55,0.5292559034321751,0.8484177378225379
11.600000000000001,0.571044603007095,0.8209375312362164
11.65,0.6114024568225755,0.7914078111309251
11.700000000000001,0.6502245146417566,0.759899352320436
11.75,0.6874112573471485,0.7264877733604503
11.8,0.7228685969406434,0.691253536548589
11.850000000000001,0.7565078765435054,0.6542819479244009
11.9,0.7882458703963746,0.6156631572693598
11.950000000000001,0.8180047838592712,0.5754921581068602
12.0,0.8457122534115866,0.5338687877022258
12.05,0.8713013466520929,0.49089772706269985
12.100000000000001,0.8947105622989346,0.4466885009374544
12.15,0.9158838301896333,0.40135547781758574
12.200000000000001,0.9347705112810888,0.3550178699361105
12.25,0.9513253976495736,0.30779973326797605
12.3,0.9655087124907396,0.2598299675300473
12.350000000000001,0.9772872826954007,0.21123935918914807
12.4,0.9866483251731976,0.16211625053040096
12.450000000000001,0.9935662640085113,0.1125770896872046
12.5,0.9980151060754879,0.06275314930412829
12.55,0.9999760512879636,0.012774082208820703
12.600000000000001,0.9994374925994639,-0.037232078587977446
12.65,0.9963950160032041,-0.08713891989243921
12.700000000000001,0.9908514005320889,-0.1368216483276562
12.75,0.982816618258713,-0.18615709033362665
12.8,0.9723078342953602,-0.23502369216726926
12.850000000000001,0.9593494067940042,-0.28330151990241104
12.9,0.9439728869463089,-0.33087225942979237
12.950000000000001,0.9262170189836262,-0.3776192164570721
13.0,0.9061277401769998,-0.4234273165088165
13.05,0.8837581808371606,-0.46818310492651116
13.100000000000001,0.8591686643145309,-0.511774746868551
13.15,0.8324267069992229,-0.5540920273102438
13.200000000000001,0.8036070183210361,-0.5950263510438157
13.25,0.7727915007494628,-0.6344707426784008
13.3,0.740069249793681,-0.6723198466400517
13.350000000000001,0.7055328931933621,-0.7084741863614806
13.4,0.6692420314275619,-0.7428773282192312
13.450000000000001,0.6312807244670926,-0.7754436295445588
13.5,0.5917454285646392,-0.8060817280640988
13.55,0.5507351909108923,-0.8347070819116125
13.600000000000001,0.5083516496345573,-0.8612419696279783
13.65,0.46469903380235095,-0.8856154901611961
13.700000000000001,0.4198841634189959,-0.9077635628663894
13.75,0.37401644942723233,-0.9276289275057991
13.8,0.32720789370780445,-0.9451611442487898
13.850000000000001,0.2795730890794725,-0.9603165936718454
13.9,0.23122921929900736,-0.9730584767585706
13.950000000000001,0.18229605906118618,-0.9833568148996925
14.0,0.13289597399880315,-0.9911884498930574
14.05,0.08315392068265715,-0.9965370439436341
14.100000000000001,0.03319744662156254,-0.9993930796635108
14.15,-0.016843309737655243,-0.9997538600718975
14.200000000000001,-0.06683561901016499,-0.9976235085951253
14.25,-0.1166441608731178,-0.9930129690666455
14.3,-0.166137208699836,-0.9859398652368049
14.350000000000001,-0.21523115356304207,-0.9764233889825167
14.4,-0.2638038334153247,-0.9644824998480267
14.450000000000001,-0.31172419575261323,-0.9501418409068721
14.5,-0.35886530568495495,-0.9334321539447226
14.55,-0.40510434593652883,-0.914390279459375
14.600000000000001,-0.45032261684563335,-0.8930591566607582
14.65,-0.4944055363646924,-0.8694878234709312
14.700000000000001,-0.537242640060259,-0.8437314165240808
14.75,-0.5787275811130048,-0.8158511711665267
14.8,-0.6187581303177327,-0.7859144214567153
14.850000000000001,-0.6572361760833655,-0.7539946001652258
14.9,-0.6940677244329513,-0.7201712387747674
14.950000000000001,-0.7291628990036668,-0.6845299674801758
15.0,-0.7624359410468086,-0.6471625151884219
15.05,-0.7938052094278026,-0.608166709518601
15.100000000000001,-0.8231931806261964,-0.5676464768019425
15.15,-0.8505264487356627,-0.5257118420818058
15.200000000000001,-0.8757357254640014,-0.4824789291136762
15.25,-0.8987558401331338,-0.43806996036517454
15.3,-0.9195349069498965,-0.39259741923586533
15.350000000000001,-0.9380434133988984,-0.3461371324327643
15.4,-0.9542269239140049,-0.29880819013690313
15.450000000000001,-0.968035836246278,-0.2507335049616948
15.5,-0.9794278986279192,-0.2020359188788958
15.55,-0.9883682097722729,-0.15283820321859348
15.600000000000001,-0.9948292188738234,-0.10326305866921703
15.65,-0.9987907256081965,-0.053433115277533305
15.700000000000001,-1.00023988013216,-0.003470932448640718
15.75,-0.9991711830836224,0.04650100105401794
15.8,-0.9955864855816334,0.09636026710866974
15.850000000000001,-0.9894949892263841,0.14598451823519965
15.9,-0.9809132460992073,0.19525147759515493
15.950000000000001,-0.9698651587625758,0.244038938991751
16.0,-0.9563819802601056,0.29222476686985976
16.05,-0.9405023141165517,0.339686896316022
16.1,-0.9222721143378119,0.3863033330584369
16.150000000000002,-0.9017446854109249,0.4319521534669676
16.2,-0.8789806823040723,0.4765115045531373
16.25,-0.8540481061870637,0.5198596117638716
16.3,-0.8270012097245434,0.5619094308337423
16.35,-0.7978927454711786,0.6025754743607961
16.400000000000002,-0.7667953592175221,0.641745877793167
16.45,-0.7337857470887833,0.6793147882331466
16.5,-0.6989446555448194,0.7151823644371942
16.55,-0.6623568813801495,0.7492547768159209
16.6,-0.6241112717239445,0.7814442074341006
16.650000000000002,-0.5843007240400306,0.811668850010667
16.7,-0.5430221861268911,0.839852909918712
16.75,-0.5003766561176555,0.8659266041854929
16.8,-0.4564691824801165,0.8898261614924213
16.85,-0.4114088640167185,0.9114938221750706
16.900000000000002,-0.365308849864561,0.9308778382231742
16.95,-0.31828633949540097,0.9479324732806242
17.0,-0.2704625827156404,0.962618002645476
17.05,-0.22196287966634576,0.9749007132699419
17.1,-0.1729165808232349,0.9847529037603946
17.150000000000002,-0.12345708699668023,0.9921528843773667
17.2,-0.07370823535846559,0.9970884895898542
17.25,-0.023758814138497036,0.9995578419053385
17.3,0.026260521399755737,0.9995479136475647
17.35,0.07621711308888227,0.997051177833293
17.400000000000002,0.12598079329954148,0.9920670523078507
17.45,0.17542388494045813,0.9846018997451327
17.5,0.22442120145843647,0.9746690276475986
17.55,0.2728500468383395,0.9622886883462769
17.6,0.32059021560310325,0.9474880790007624
17.650000000000002,0.36752399281373255,0.9303013415992168
17.7,0.41353615406929867,0.9107695629583703
17.75,0.45851396550695134,0.8889407747235156
17.8,0.5023471838019005,0.8648699533685165
17.85,0.5449280561674275,0.8386190201958021
17.900000000000002,0.5861513203548839,0.810256841336369
17.95,0.6259142046536873,0.7798592277497824
18.0,0.6641164278913331,0.7475089352241682
18.05,0.7006601994333771,0.7132956643762252
18.1,0.7354502191834476,0.6773160606512175
18.150000000000002,0.768393677583242,0.6396737143229759
18.2,0.7994120410353086,0.6004661951366435
18.25,0.8284583949908327,0.5597582917353965
18.3,0.8554523557022777,0.5176521851750568
18.35,0.8803169556422175,0.47425546820423203
18.400000000000002,0.9029823436389468,0.4296774348025523
18.45,0.9233857848764799,0.3840290801806737
18.5,0.9414716608945568,0.33742310078026516
18.55,0.9571914695886337,0.28997389427402803
18.6,0.9705038252098893,0.24179755956568272
18.650000000000002,0.9813744583652239,0.1930118967899726
18.7,0.9897762160172576,0.1437364073126673
18.75,0.9956890614843339,0.09409229373054806
18.8,0.9991000744405147,0.044202459871429456
18.85,1.0000034509155844,-0.005808489205854861
18.900000000000002,0.9984005032950479,-0.05581424721144823
18.95,0.9942996603201315,-0.10568680662446861
19.0,0.987716467087782,-0.155296458693021
19.05,0.9786735850506676,-0.2045117934341778
19.1,0.9672007920171775,-0.25319969963399247
19.150000000000002,0.9533336992976749,-0.30123179960564384
19.200000000000003,0.9371009989446428,-0.34852818663383733
19.25,0.9185382860391285,-0.3949706670425409
19.3,0.8976884529984687,-0.4404333579457337
19.35,0.8745998598673894,-0.48479524944617225
19.400000000000002,0.8493263343180015,-0.5279402046354047
19.450000000000003,0.8219271716498004,-0.5697569595937664
19.5,0.79246713478967,-0.610139123390378
19.55,0.7610164542918727,-0.6489851780831561
19.6,0.7276508283380627,-0.6861984787187969
19.650000000000002,0.6924514227372778,-0.7216872533327865
19.700000000000003,0.6555048709259412,-0.7553646029493992
19.75,0.6169032739678643,-0.787148501581695
19.8,0.5767442005542356,-0.8169617962315279
19.85,0.5351306870036373,-0.8447322068895331
19.900000000000002,0.4921712372620344,-0.8703923265351357
19.950000000000003,0.44797982290277716,-0.8938796211365484
20.0,0.40267588312660507,-0.9151364296507706
20.05,0.35638432476163273,-0.9341099640235936
20.1,0.3092351724450292,-0.9507524805016799
20.150000000000002,0.26132082758496417,-0.9650393973041864
20.200000000000003,0.21274315505977648,-0.9769395306806777
20.25,0.16363061935860324,-0.9864136744583479
20.3,0.1141107406691935,-0.993429925641337
20.35,0.06431009487792899,-0.9979636844107276
20.400000000000002,0.014354313569810762,-0.9999976541245473
20.450000000000003,-0.03563191597153825,-0.9995218413177688
20.5,-0.08552485076386862,-0.996533555702309
20.55,-0.13520169212631938,-0.9910374101670285
20.6,-0.18454058567939668,-0.9830453207777334
20.650000000000002,-0.23342062134498742,-0.9725765067771739
20.700000000000003,-0.28172183334635637,-0.9596574905850447
20.75,-0.3293252002081425,-0.9443220977979861
20.8,-0.3761126447563725,-0.9266114571895796
20.85,-0.42196703411844017,-0.9065740007103543
20.900000000000002,-0.46677217972312046,-0.884265463487783
20.950000000000003,-0.5104128373005663,-0.8597488838262827
21.0,-0.5527747068823046,-0.8330946032072168
21.05,-0.5937444328012493,-0.8043802662888879
21.1,-0.6332121933414883,-0.7736889667509835
21.150000000000002,-0.6711124495147016,-0.7410763938268231
21.200000000000003,-0.7073549466104342,-0.706615296608236
21.25,-0.7418391184507253,-0.6703925705567867
21.3,-0.7744709093746255,-0.6324983610047548
21.35,-0.8051627742381817,-0.5930260631551509
21.400000000000002,-0.8338336784144471,-0.5520723220817062
21.450000000000003,-0.8604090977934788,-0.5097370327288747
21.5,-0.8848210187823362,-0.4661233399118373
21.55,-0.9070079383050872,-0.42133763831648796
21.6,-0.9269148638027987,-0.3754895724994536
21.650000000000002,-0.9444933132335431,-0.32869203688808096
21.700000000000003,-0.9597013150723965,-0.2810611757804399
21.75,-0.9725034083114382,-0.23271638334532696
21.8,-0.9828706424597538,-0.1837803036222514
21.85,-0.99078057754343,-0.13437883052145583
21.900000000000002,-0.996217284105558,-0.084641107823903
21.950000000000003,-0.9991713432062335,-0.03469952918127828
22.0,-0.9996398464225555,0.015310261884006193
22.05,-0.9976274829771851,0.06526049901399267
22.1,-0.9931448065128933,0.11506577118018851
22.150000000000002,-0.9861974336542373,0.16459723072432525
22.200000000000003,-0.9767963821577608,0.21372228626616754
22.25,-0.9649591856648051,0.26231179506529956
22.3,-0.9507098937015058,0.31024006302113916
22.35,-0.9340790716787973,0.3573848446729167
22.400000000000002,-0.9151038008924101,0.4036273431996893
22.450000000000003,-0.8938276785228707,0.4488522104203372
22.5,-0.870300817635505,0.49294754679356056
22.55,-0.8445798471804296,0.5358049014178923
22.6,-0.8167279119925629,0.5773192720316784
22.650000000000002,-0.7868146727916183,0.617389105013092
22.700000000000003,-0.7549163061821063,0.6559162953801286
22.75,-0.7211155046533357,0.6928061867906048
22.8,-0.6855014765794054,0.7279675715421678
22.85,-0.6481699462192174,0.76131269057228
22.900000000000002,-0.6092231537164685,0.7927572334582299
22.950000000000003,-0.5687698550996519,0.8222203384171286
23.0,-0.5269253222820607,0.8496245923059093
23.05,-0.4837976031057677,0.8749057197670296
23.1,-0.4394576239260246,0.8980272146787166
23.150000000000002,-0.39401753331113765,0.9189236070195762
23.200000000000003,-0.3475946254017999,0.9375332502876811
23.25,-0.3003068689376972,0.953801804067845
23.3,-0.25227290725749496,0.9676822340316282
23.35,-0.2036120582988578,0.9791348119373301
23.400000000000002,-0.15444431459843644,0.9881271156299936
23.450000000000003,-0.10489034329187158,0.9946340290414045
23.5,-0.055071486113796364,0.9986377421900912
23.55,-0.005109759397822988,1.0001277511813254
23.6,0.044872145923436246,0.9991008582071204
23.650000000000002,0.09475086431838298,0.9955611715462328
23.700000000000003,0.14440235565642978,0.9895201055641616
23.75,0.19370190520799613,0.9809963807131495
23.8,0.24252412364452203,0.9700160235321796
23.85,0.2907429470384484,0.9566123666469797
23.900000000000002,0.33823163686322943,0.9408260487700194
23.950000000000003,0.38486277999332996,0.9227050147005113
24.0,0.43050902636945015,0.902304213161502
24.05,0.47508568874099716,0.879665601978781
24.1,0.5184939903145821,0.8548362374538859
24.150000000000002,0.5606154258477116,0.8278767968339211
24.200000000000003,0.6013370480127656,0.7988526300535319
24.25,0.6405514673969946,0.7678337597349076
24.3,0.6781568525025305,0.7348948811877728
24.35,0.7140569297463704,0.7001153624093998
24.400000000000002,0.7481609834603871,0.6635792440846007
24.450000000000003,0.7803838558913267,0.625375239585729
24.5,0.8106459472008067,0.5855967349726828
24.55,0.8388732154653243,0.5443417889928934
24.6,0.8649971766762432,0.5017131330813422
24.650000000000002,0.8889549047398024,0.45781817136054864
24.700000000000003,0.9106890314771147,0.41276898064057505
24.75,0.9301477466241646,0.36668231041902755
24.8,0.9472847978318136,0.3196795828810447
24.85,0.9620594906657925,0.27188689289931645
24.900000000000002,0.9744366886067073,0.22343500803407046
24.950000000000003,0.9843912260166893,0.1744471084170603
25.0,0.9919124741744226,0.12501010605155763
25.05,0.9969745637321856,0.07525189681086095
25.1,0.9995565886208083,0.025303739437966127
25.150000000000002,0.9996447986128447,-0.02470488692238562
25.200000000000003,0.9972325993225716,-0.0746462827237045
25.25,0.992320552205989,-0.1243945280177488
25.3,0.9849163745608192,-0.17382548245453827
25.35,0.9750349395265079,-0.22281678528233384
25.400000000000002,0.9626982760842239,-0.2712478553476512
25.450000000000003,0.9479355690568586,-0.3189998910952573
25.5,0.9307831591090279,-0.36595587056816725
25.55,0.9112845427470668,-0.4120005514076578
25.6,0.889490372319037,-0.4570204708532464
25.650000000000002,0.8654584560147218,-0.5009039457427055
25.700000000000003,0.8392537578656276,-0.543541072512059
25.75,0.8109483977449855,-0.5848237271955793
25.8,0.7806216513677441,-0.6246455654257987
25.85,0.7483599502905802,-0.6629020224334924
25.900000000000002,0.7142568819118921,-0.6994903130476894
25.950000000000003,0.6784009664788407,-0.7343227322093933
26.0,0.6408520818004372,-0.7673447600797605
26.05,0.6017039787898012,-0.7984659587882533
26.1,0.5610558774927232,-0.8275991459247167
26.150000000000002,0.5190094279772359,-0.8546640218471389
26.200000000000003,0.4756687103336168,-0.8795871696816497
26.25,0.43114023467439166,-0.9023020553225188
26.3,0.3855329411343215,-0.9227490274321615
26.35,0.33895819987042225,-0.9408753174411296
26.400000000000002,0.2915298110619511,-0.9566350395481179
26.450000000000003,0.24336400491041044,-0.9699891907199623
26.5,0.1945794416395511,-0.9809056506916392
26.55,0.14529721149535846,-0.9893591819662688
26.6,0.0956408347460731,-0.9953314298151101
26.650000000000002,0.045736261682177703,-0.9988109222775639
26.700000000000003,-0.00428812738360107,-0.9997930701611724
26.75,-0.05430152211628769,-0.998280167041619
26.8,-0.10417068215867165,-0.9942813892627286
26.85,-0.15375993713128755,-0.9878127959364669
26.900000000000002,-0.20294675731440742,-0.978896287715065
26.950000000000003,-0.2516478244791152,-0.9675522991342833
27.0,-0.29973428130979274,-0.9538042470684149
27.05,-0.34707683720924354,-0.9376815960423673
27.1,-0.3935504669739852,-0.9192197997055354
27.150000000000002,-0.43903441079426314,-0.8984603008317972
27.200000000000003,-0.48341217425404714,-0.8754505313195153
27.25,-0.5265715283310286,-0.8502439121915384
27.3,-0.5684045093966321,-0.8228998535951937
27.35,-0.6088074192159981,-0.7934837548022983
27.400000000000002,-0.6476808249479941,-0.7620670042091517
27.450000000000003,-0.6849295591452117,-0.7287269793365379
27.5,-0.7204627197539651,-0.6935470468297273
27.55,-0.7541936701143004,-0.6566165624584677
27.6,-0.7860400389599801,-0.6180308711169977
27.650000000000002,-0.8159237204184938,-0.5778913068240387
27.700000000000003,-0.8437708740110559,-0.5363051927227955
27.75,-0.8695119246526026,-0.49338584108096095
27.8,-0.8930815626518013,-0.4492525532907028
27.85,-0.914418743711037,-0.4040306198686816
27.900000000000002,-0.9334848442686107,-0.35781733393085613
27.950000000000003,-0.9502446386873007,-0.3107010644457727
28.0,-0.9646461480834538,-0.2628059208493848
28.05,-0.9766447102724218,-0.21425582674681723
28.1,-0.9862030117984942,-0.16517446647852577
28.150000000000002,-0.9932910879349026,-0.11568528512028409
28.200000000000003,-0.9978863226838195,-0.06591148848318712
28.25,-0.9999734487763584,-0.01597604311365408
28.3,-0.9995445476725742,0.033998323706584954
28.35,-0.9965990495614618,0.08388912396046821
28.400000000000002,-0.9911437333609578,0.13357410889561683
28.450000000000003,-0.9831927267179398,0.18293126902433
28.5,-0.9727675060082268,0.2318388341235832
28.55,-0.9598968963365764,0.28017527323504066
28.6,-0.94461707153669,0.3278192946650349
28.650000000000002,-0.9269715541712086,0.3746498459845815
28.700000000000003,-0.9070112155317144,0.4205461140293745
28.75,-0.8847942756387323,0.46538752489978363
28.8,-0.8603863032417233,0.509053743960867
28.85,-0.8338586877829206,0.551427256221821
28.900000000000002,-0.8052603480563187,0.5924355066916782
28.950000000000003,-0.7746545399801988,0.6319811522362285
29.0,-0.742117602315015,0.6699556639404867
29.05,-0.7077297740713104,0.7062566287928731
29.1,-0.6715751945097316,0.7407877496851972
29.150000000000002,-0.6337419031410186,0.7734588454126687
29.200000000000003,-0.594321839726008,0.804185850673895
29.25,-0.5534108442756356,0.8328908160708786
29.3,-0.5111086570509241,0.8595019081090256
29.35,-0.4675189185630016,0.8839534091971333
29.400000000000002,-0.42274916957308906,0.9061857176473987
29.450000000000003,-0.3769108510925041,0.9261453476754162
29.5,-0.33011930438266346,0.9437849294001763
29.55,-0.28249377095507044,0.9590632088440708
29.6,-0.23415739257133406,0.9719450479328848
29.650000000000002,-0.1852372112431565,0.9824014244958027
29.700000000000003,-0.13586416923233602,0.9904094322654058
29.75,-0.08617310905077091,0.9959522808776725
29.8,-0.036279184284782044,0.9990243411175259
29.85,0.013723716930469601,0.9996242825946863
29.900000000000002,0.06370167520419684,0.9977430179953631
29.950000000000003,0.11352240464186705,0.9933780422056435
30.0,0.1630563024365286,0.9865337217916617
30.05,0.21217644886882486,0.9772212949995963
30.1,0.26075860730697337,0.965458871755674
30.150000000000002,0.3086812242067795,0.951271433666167
30.200000000000003,0.355825429111633,0.9346908340173938
30.25,0.4020750346525053,0.9157557977757208
30.3,0.4473165365479619,0.8945119215875565
30.35,0.49143911360414305,0.8710116737793596
30.400000000000002,0.5343346277147765,0.8453143943576338
30.450000000000003,0.5758976238611748,0.8174862950089291
30.5,0.6160253301122325,0.7876004590998439
30.55,0.6546176576244366,0.7557368416770165
30.6,0.6915772006418504,0.7219822694671377
30.650000000000002,0.7268092364961241,0.6864304408769429
30.700000000000003,0.7602217256064935,0.649181925993213
30.75,0.7917253114797755,0.6103441665827789
30.8,0.8212526004066901,0.5700087875132425
30.85,0.8487540612178659,0.528246474631181
30.900000000000002,0.8741506779620981,0.48516487577723966
30.950000000000003,0.8973698291038259,0.44087396403376683
31.0,0.9183460583991728,0.39548521086672317
31.05,0.937021074895952,0.3491115861256685
31.1,0.9533437529336576,0.30186755804378096
31.150000000000002,0.9672701321434709,0.2538690932378446
31.200000000000003,0.9787634174482587,0.20523365670825217
31.25,0.9877939790625727,0.15608021183900883
31.3,0.9943393524926518,0.10652922039771795
31.35,0.9983842385364184,0.0567026425356022
31.400000000000002,0.9999205032834816,0.006723936787490059
31.450000000000003,0.9989471781151352,-0.043281939928181745
31.5,0.9954704597043595,-0.09318853230936397
31.55,0.989503710015819,-0.14286788667040862
31.6,0.9810674563058647,-0.19219055094204907
31.650000000000002,0.9701893911225326,-0.2410255746714124
31.700000000000003,0.9569043723055445,-0.2892405090220179
31.75,0.9412516107658854,-0.3367127161430653
31.8,0.9232613018803543,-0.38336378592429404
31.85,0.9029742515548786,-0.42907231905304755
31.900000000000002,0.880438000136589,-0.4737146500044128
31.950000000000003,0.8557054027604224,-0.5171721360862285
32.0,0.8288346293491238,-0.5593311574390822
32.050000000000004,0.7998891646132364,-0.6000831170363252
32.1,0.7689378080511238,-0.6393244406840404
32.15,0.7360546739489432,-0.6769565770210795
32.2,0.7013191913806571,-0.7128859975190454
32.25,0.6648161042080494,-0.7470241964822777
32.300000000000004,0.6266354710806891,-0.7792876910478879
32.35,0.5868726654359729,-0.8095980211857199
32.4,0.545628375499088,-0.8378817496983838
32.45,0.503008604283026,-0.8640704622212401
32.5,0.4591246695886035,-0.8881007672223904
32.550000000000004,0.4140932040044186,-0.9099142960027025
32.6,0.3680361549069002,-0.9294577026957821
32.65,0.3210807844602652,-0.9466826642679974
32.7,0.27335495598667364,-0.9615479993144019
32.75,0.22494178134843779,-0.974035769538093
32.800000000000004,0.17595774489512256,-0.9841115752534628
32.85,0.12653192121212328,-0.9917412288957509
32.9,0.07679226167715089,-0.9968978222570809
32.95,0.026865594460252273,-0.9995617264864544
33.0,-0.0231223754761678,-0.999720592089751
33.050000000000004,-0.07304706637739661,-0.9973693489297308
33.1,-0.12278501969635697,-0.9925102062260341
33.15,-0.17221390009365634,-0.9851526525551795
33.2,-0.22121249543756616,-0.9753134558505634
33.25,-0.2696607168039996,-0.9630166634024664
33.300000000000004,-0.31743959847656267,-0.9482936018580416
33.35,-0.3644312979464962,-0.9311828772213298
33.4,-0.4105190959127264,-0.9117303748532444
33.45,-0.45558739628184197,-0.8899892594715775
33.5,-0.499521726168076,-0.8660199751510095
33.550000000000004,-0.5422087358933508,-0.8398902453230875
33.6,-0.5835361989872275,-0.8116750727762522
33.65,-0.6233930121869498,-0.7814567396558123
33.7,-0.661677789260389,-0.7493182164362275
33.75,-0.6983304485788923,-0.7153136692497173
33.800000000000004,-0.73325511692551,-0.6795249252200277
33.85,-0.7663549793266582,-0.642042138709688
33.9,-0.7975398190359044,-0.6029585420223809
33.95,-0.8267260175339529,-0.5623704454029579
34.0,-0.8538365545286322,-0.5203772370374569
34.050000000000004,-0.8788010079549239,-0.4770813830530613
34.1,-0.9015555539749321,-0.43258842751814813
34.15,-0.922042966977909,-0.3870069924422452
34.2,-0.9402126195802422,-0.3404487777760487
34.25,-0.956020482625449,-0.29302856141144396
34.300000000000004,-0.9694291251841934,-0.24486419918145874
34.35,-0.9804077145542682,-0.1960766248603173
34.4,-0.9889320162606094,-0.1467898501633923
34.45,-0.9949843940552885,-0.0971309647472256
34.5,-0.9985538099175115,-0.047230136209548745
34.550000000000004,-0.9996358240536244,0.0027793899107650955
34.6,-0.9982325948971092,0.05276129013364561
34.65,-0.9943539275906197,0.10259543675981103
34.7,-0.9880119130084827,0.15219407086127887
34.75,-0.9792164291964942,0.20142479795417084
34.800000000000004,-0.9679834561682671,0.25015606719561795
34.85,-0.9543353851767089,0.2982599595592098
34.9,-0.9383010187140125,0.3456121878350435
34.95,-0.919915570511658,0.3920920966297022
35.0,-0.8992206655404231,0.4375826623662357
35.050000000000004,-0.8762643400103638,0.48197049328420666
35.1,-0.8511010413708378,0.5251458294396387
35.15,-0.8237916283104821,0.567002542705061
35.2,-0.7944033707572222,0.6074381367694883
35.25,-0.7630099498782854,0.646353747138405
35.300000000000004,-0.729691458080171,0.6836541411338046
35.35,-0.6945343990086861,0.7192477178941454
35.4,-0.6576316875489128,0.7530465083743879
35.45,-0.6190826498252213,0.7849661753459787
35.5,-0.5789930232012888,0.8149260133968373
35.550000000000004,-0.5374749562800578,0.8428489489313871
35.6,-0.49464700890378455,0.8686615401705217
35.65,-0.4506093242887672,0.8923102611562227
35.7,-0.4054393707825656,0.9137562949488545
35.75,-0.3592547877995413,0.9329359968263682
35.800000000000004,-0.3121745929250969,0.9497923888316133
35.85,-0.2643182759664467,0.9642758176982541
35.9,-0.2158057989525703,0.9763439548507881
35.95,-0.1667575961342323,0.9859617964045367
36.0,-0.11729457398400384,0.993101663165643
36.050000000000004,-0.06753811119621311,0.9977432006310802
36.1,-0.017610058687001995,0.9998733789886438
36.15,0.03236726040572335,0.9994864931169569
36.2,0.08227105072227159,0.9965841625854667
36.25,0.13197804468114482,0.991175331654447
36.300000000000004,0.18136450247908775,0.9832762692749952
36.35,0.23030621209103197,0.9729105690890376
36.4,0.2786784892701444,0.9601091494293231
36.45,0.32635617754780677,0.9449102533194244
36.5,0.3732136482335946,0.9273594484737464
36.550000000000004,0.4191248004153254,0.9075096272975105
36.6,0.4639662368717093,0.8854195210023238
36.65,0.5076605006210904,0.861130205624771
36.7,0.5501027656177244,0.8346953847860216
36.75,0.5911775124537926,0.8061800008009028
36.800000000000004,0.6307748918424136,0.775653505652448
36.85,0.6687907246175981,0.7431898609919281
36.9,0.7051265017342871,0.7088675381388228
36.95,0.7396893842683353,0.6727695180808313
37.0,0.7723922034164967,0.6349832914738902
37.050000000000004,0.803153460496459,0.595600858642136
37.1,0.8318973269468053,0.5547187295779483
37.15,0.8585536443270467,0.512437923941911
37.2,0.883057924317607,0.46886397106282895
37.25,0.9053513487198142,0.4241069099377464
37.300000000000004,0.9253807694559232,0.3782812892319042
37.35,0.9430987085690915,0.3315061672787891
37.4,0.9584633582233993,0.28390511208009106
37.45,0.9714385807038397,0.23560620130571952
37.5,0.9819939084163144,0.18674202229382653
37.550000000000004,0.9901143321853991,0.13741938473004092
37.6,0.9957857497467307,0.08773820529194078
37.65,0.9989852650296784,0.03783130686471026
37.7,0.9996970735399242,-0.012170341345767888
37.75,0.9979124895567545,-0.06213769357725277
37.800000000000004,0.9936299461330598,-0.11194362751119474
37.85,0.9868549950953368,-0.1614629442726792
37.9,0.9776003070436855,-0.21057236843047566
37.95,0.9658856713518087,-0.25915054799701676
38.0,0.951737996167019,-0.3070780544283774
38.050000000000004,0.9351913084102262,-0.3542373826243228
38.1,0.9162867537759536,-0.4005129509282548
38.15,0.8950725967323215,-0.44579110112725806
38.2,0.8716042205210542,-0.4899600984520798
38.25,0.8459441271574906,-0.532910131577112
38.300000000000004,0.8181619374305594,-0.5745333126204342
38.35,0.7883343909028102,-0.6147236771437645
38.400000000000006,0.7565453459103799,-0.6533771841525083
38.45,0.7228857795630281,-0.6903917160957113
38.5,0.6874537877441048,-0.7256670788660985
38.550000000000004,0.6503253104285112,-0.759134818810626
38.6,0.6115717061853628,-0.7907298934537367
38.650000000000006,0.5712924440602509,-0.8203625390495775
38.7,0.5295892785164575,-0.8479499256502139
38.75,0.48656624797013004,-0.8734161587384752
38.800000000000004,0.44232967479029817,-0.8966922792279411
38.85,0.3969881652988933,-0.9177162634629326
38.900000000000006,0.350652609770704,-0.9364330232185345
38.95,0.30343618243342757,-0.9527944057005717
39.0,0.2554543414676246,-0.9667591935456287
39.050000000000004,0.20682482900673776,-0.9782931048210392
39.1,0.15766767113711344,-0.987368793024884
39.150000000000006,0.10810517789795293,-0.9939658470860011
39.2,0.058261943281368134,-0.9980707913639748
39.25,0.008264845232333062,-0.9996770856491443
39.300000000000004,-0.04175695435129645,-0.9987851251625979
39.35,-0.09167200961875954,-0.9954022405561764
39.400000000000006,-0.14134659076644163,-0.9895426979124704
39.45,-0.19064468403781665,-0.9812276987448239
39.5,-0.23946089034099757,-0.9704817317561523
39.550000000000004,-0.28770106959459335,-0.9573270891723609
39.6,-0.3352337604109988,-0.9417920583894791
39.650000000000006,-0.3819317321856129,-0.9239108236172731
39.7,-0.4276721490925323,-0.9037234565711577
39.75,-0.47233657008459806,-0.8812759164721792
39.800000000000004,-0.5158109488933749,-0.8566200500470212
39.85,-0.5579856340291335,-0.8298135915280174
39.900000000000006,-0.5987553687808931,-0.800920162653125
39.95,-0.6380192912163739,-0.770009272665957
40.0,-0.6756809341820378,-0.7371563183157523
40.050000000000004,-0.7116482253030703,-0.7024425838573881
40.1,-0.745833486983366,-0.6659552410513951
40.150000000000006,-0.7781534364055638,-0.6277873491639228
40.2,-0.8085291855310078,-0.5880378549667812
40.25,-0.8368862410997807,-0.5468115927374022
40.300000000000004,-0.8631545046306884,-0.5042192842588569
40.35,-0.8872682724212498,-0.46037753881987264
40.400000000000006,-0.9091662355477231,-0.4154088532147915
40.45,-0.9287933946598603,-0.36943815273149394
40.5,-0.9461232710096162,-0.322545339312058
40.550000000000004,-0.9611115749086028,-0.27483968492981886
40.6,-0.9737113244087349,-0.22644622301814585
40.650000000000006,-0.9838828813570317,-0.17748959896819966
40.7,-0.9915939513956027,-0.1280940701289875
40.75,-0.9968195839616582,-0.07838350580731457
40.800000000000004,-0.9995421722875039,-0.028481387267804914
40.85,-0.9997514534005408,0.021489192267077517
40.900000000000006,-0.9974445081232678,0.07140552761707797
40.95,-0.9926257610732805,0.12114530164409465
41.0,-0.9853069806632705,0.17058658525222847
41.050000000000004,-0.9755072791010245,0.2196078373877608
41.1,-0.9632531123894301,0.2680879050391337
41.150000000000006,-0.9485782803264654,0.31590602323699757
41.2,-0.9315239265052123,0.3629418150541571
41.25,-0.9121385383138437,0.4090752916056183
41.300000000000004,-0.8904779469356274,0.45418685204856757
41.35,-0.8666053273489374,0.498157283582354
41.400000000000006,-0.840591198327231,0.5408677614485329
41.45,-0.812505824847213,0.5822117755735696
41.5,-0.7823969514039291,0.6221217783800023
41.550000000000004,-0.7503375939252358,0.6604919313267936
41.6,-0.7164075791991756,0.6972172972636979
41.650000000000006,-0.680690499789544,0.7321991433588316
41.7,-0.6432737140359277,0.7653449410986315
41.75,-0.6042483460536701,0.7965683662878904
41.800000000000004,-0.5637092857338853,0.8257892990497406
41.85,-0.5217551887434766,0.8529338238256428
41.900000000000006,-0.4784884765250953,0.8779342293754147
41.95,-0.43401533629718847,0.9007290087771994
42.0,-0.38844572105395675,0.9212628594274925
42.050000000000004,-0.34189334956537165,0.9394866830411284
42.1,-0.2944757063771961,0.9553575856512748
42.150000000000006,-0.24631404181093863,0.9688388776094498
42.2,-0.19753337196390564,0.9799000735855039
42.25,-0.1482624787091552,0.9885168925676346
42.300000000000004,-0.09863390969551677,0.9946712578623786
42.35,-0.048783734055392686,0.998351353492724
42.400000000000006,0.001188862905651969,0.9995584288562657
42.45,0.051175519647501624,0.99828979213428
42.5,0.10104183918490298,0.9945411485491416
42.550000000000004,0.15065627432880793,0.988315006083583
42.6,0.19989012768635245,0.9796206754807001
42.650000000000006,0.24861755166090588,0.9684742702439441
42.7,0.2967155484520149,0.9548987066371317
42.75,0.3440639700554524,0.9389237036844351
42.800000000000004,0.390545518263196,0.9205857831703846
42.85,0.43604574466340895,0.8999282696398788
42.900000000000006,0.4804530506404856,0.8770012903981648
42.95,0.5236586873750003,0.851861775510862
43.0,0.5655567558437516,0.8245734578039402
43.050000000000004,0.6060442068197426,0.7952068728637277
43.1,0.6450208408721642,0.7638393590369253
43.150000000000006,0.6823893083664356,0.7305550574305766
43.2,0.7180551094641591,0.6954449119121033
43.25,0.7519265941231587,0.6586066691092729
43.300000000000004,0.7839149620974621,0.6201448784102117
43.35,0.8139345341289033,0.5801705805944102
43.400000000000006,0.8419338583317532,0.5387619715639086
43.45,0.867853486736291,0.4960043995088423
43.5,0.8916181405748463,0.45200858234802316
43.550000000000004,0.9131597439574327,0.4068865590232943
43.6,0.9324174238717402,0.36075168949954994
43.650000000000006,0.9493375101831558,0.3137186547646905
43.7,0.9638735356347414,0.26590345682967476
43.75,0.975986235847252,0.21742341872847326
43.800000000000004,0.9856435493191263,0.1683971845180881
43.85,0.9928206174264849,0.1189447192785743
43.900000000000006,0.9974997844231378,0.06918730911299076
43.95,0.9996705974405778,0.019247561147456738
44.0,0.999329806487985,-0.030750596468898328
44.050000000000004,0.996481364452223,-0.08068191456391272
44.1,0.9911364270978431,-0.13041982294237175
44.150000000000006,0.9833133530670788,-0.1798364303860569
44.2,0.973037703879853,-0.22880252465368955
44.25,0.9603422439337712,-0.2771875724809807
44.300000000000004,0.9452669405041223,-0.32485971958060866
44.35,0.9278524439869014,-0.3717076732356407
44.400000000000006,0.9081313126551216,-0.41764937465871926
44.45,0.8861499215617697,-0.46256047068672235
44.5,0.8619602833850922,-0.506319874942847
44.550000000000004,0.8356195897649172,-0.5488116485364242
44.6,0.8071902113026677,-0.5899250000629018
44.650000000000006,0.7767396975613342,-0.629554285603886
44.7,0.744340777065507,-0.6675990087270949
44.75,0.7100713573013472,-0.7039638204863983
44.800000000000004,0.6740145247165975,-0.7385585194217994
44.85,0.6362585447205997,-0.7712980515594222
44.900000000000006,0.5968968616842576,-0.8021025104115441
44.95,0.5560280989400803,-0.8308971369765592
45.0,0.5137560587821435,-0.8576123197390096
45.050000000000004,0.47018972246610496,-0.8821835946695712
45.1,0.42544325020922447,-0.9045516452250442
45.150000000000006,0.37963598119032016,-0.9246623023483762
45.2,0.3328924335498188,-0.9424665444686386
45.25,0.2853423043897111,-0.9579204975010457
45.300000000000004,0.23710278668762427,-0.9709926709657559
45.35,0.18825857566468135,-0.9816655413813086
45.400000000000006,0.1389373058102234,-0.989904153058433
45.45,0.08926828456266744,-0.9956794085196479
45.5,0.03937954557749762,-0.9989694658589541
45.550000000000004,-0.010602151272713745,-0.9997597387418298
45.6,-0.060551319898285105,-0.9980428964052314
45.650000000000006,-0.11034374799247493,-0.9938188636575935
45.7,-0.15985649703142513,-0.9870948208788313
45.75,-0.2089679022742107,-0.9778852040203364
45.800000000000004,-0.25755757276281854,-0.9662117046049781
45.85,-0.3055063913221263,-0.9521032697271089
45.900000000000006,-0.352696514559951,-0.9355961020525528
45.95,-0.3990113728669943,-0.9167336598186211
46.0,-0.4443356704168906,-0.8955666568340963
46.050000000000004,-0.48855538516618446,-0.8721530624792388
46.1,-0.5315577688543145,-0.8465581017057973
46.150000000000006,-0.5732313470036552,-0.8188542550369851
46.2,-0.6134659189194691,-0.7891212585675094
46.25,-0.6521525576899486,-0.757446103963544
46.300000000000004,-0.6892057070942306,-0.7239049082025237
46.35,-0.7245608877901833,-0.6885569685167988
46.400000000000006,-0.758119542319155,-0.6514918218935847
46.45,-0.7897888865015631,-0.612802605477535
46.5,-0.8194828044331248,-0.5725853877021423
46.550000000000004,-0.847121848484842,-0.5309391682897531
46.6,-0.8726332393029904,-0.48796587825158644
46.650000000000006,-0.8959508658091467,-0.44377037988769197
46.7,-0.9170152852001592,-0.398460466786999
46.75,-0.935773722948172,-0.3521468638272723
46.800000000000004,-0.9521800728006136,-0.3049432271751312
46.85,-0.9661948967801909,-0.25696614428607006
46.900000000000006,-0.9777854251849055,-0.20833513390441005
46.95,-0.9869255565880375,-0.15917264606335557
47.0,-0.9935958578381572,-0.10960406208494433
47.050000000000004,-0.9977835640591195,-0.05975769458006852
47.1,-0.9994825786500634,-0.009764787448496404
47.150000000000006,-0.998693473285415,0.04024048412117698
47.2,-0.9954234879148858,0.0901210136514744
47.25,-0.9896869430580004,0.13977303741238295
47.300000000000004,-0.9814966772335008,0.18909655553854887
47.35,-0.97086724273781,0.23795771251079068
47.400000000000006,-0.9578195104402043,0.286226428100931
47.45,-0.9423806702634233,0.3337764045193309
47.5,-0.9245842311836572,0.380485126414938
47.550000000000004,-0.9044700212305513,0.4262338608752651
47.6,-0.8820841874872163,0.4709076574263717
47.650000000000006,-0.857479196090207,0.5143953480329089
47.7,-0.830713832229548,0.5565895470980684
47.75,-0.80185320014871,0.597386651463627
47.800000000000004,-0.7709687231446187,0.6366868404099256
47.85,-0.7381381435676697,0.6743940756558555
47.900000000000006,-0.7034455228216969,0.7104161013588949
47.95,-0.6669812413640097,0.7446644441150675
48.0,-0.6288419987053593,0.777054412958978
48.050000000000004,-0.589130813409952,0.8075050993637964
48.1,-0.547957023095468,0.8359393772412452
48.150000000000006,-0.5054362844330206,0.8622839029416302
48.2,-0.4616899476455257,0.8864695377107487
48.25,-0.41680107582719317,0.9084579000384742
48.300000000000004,-0.37086488877381224,0.9282005541652292
48.35,-0.32400143505309786,0.9456380361437036
48.400000000000006,-0.2763310676049906,0.9607182176281497
48.45,-0.22797444374170955,0.973396305874362
48.5,-0.1790525251477052,0.9836348437396931
48.550000000000004,-0.12968657787967952,0.9914037096830463
48.6,-0.07999817236660728,0.9966801177648728
48.650000000000006,-0.03010918340968699,0.9994486176471793
48.7,0.019858209817603223,0.999701094593522
48.75,0.06978152376955404,0.9974367694690098
48.800000000000004,0.11953797052820514,0.9926621987403019
48.85,0.16900445780332274,0.9853912744756114
48.900000000000006,0.21805758893244975,0.9756452243446994
48.95,0.26657366288084927,0.9634526116188834
49.0,0.3144286742415535,0.9488493351710288
49.050000000000004,0.36149831323534287,0.931878629475551
49.1,0.40765796571072566,0.9125910646084245
49.150000000000006,0.45278271314398477,0.8910445462471651
49.2,0.4967569568532384,0.8672981612312917
49.25,0.5395024907320966,0.8413905392462057
49.300000000000004,0.5809088085102434,0.8133835261219253
49.35,0.6208654844051298,0.7833465937608014
49.400000000000006,0.6592676492005001,0.7513536320892269
49.45,0.6960159902463476,0.7174829490576712
49.5,0.731016751458953,0.6818172706406488
49.550000000000004,0.764181733320866,0.6444437408367321
49.6,0.7954282928808939,0.6054539216685679
49.650000000000006,0.8246793437541325,0.5649437931828407
49.7,0.8518633561219316,0.5230137534503153
49.75,0.8769143567319241,0.4797686185657992
49.800000000000004,0.8997719288980125,0.43531762264815693
49.85,0.9203812125003608,0.38977441784033134
49.900000000000006,0.9386929039854153,0.34325707430929775
49.95,0.954663256365883,0.29588808024611746
